t,EMS2K.STAT_MAP,EMS2K.STAT_TCO,EMS2K.STAT_TIA,EMS2K.STAT_TPS,EMS2K.STAT_PV_AV,EMS2K.STAT_AC_PRS,EMS2K.STAT_MAP_UP,EMS2K.STAT_VB_KEY,EMS2K.STAT_VB_RLY,EMS2K.STAT_PV_AV_1,EMS2K.STAT_PV_AV_2,EMS2K.STAT_VLS_UP_1,EMS2K.STAT_TPS_MTC_1,EMS2K.STAT_TPS_MTC_2,EMS2K.STAT_VLS_DOWN_1,EMS2K.STAT_TRANS_OIL_TEMP,EMS2K.STAT_ALTER,EMS2K.STAT_STATE_CP,EMS2K.STAT_N,EMS2K.STAT_VB,EMS2K.STAT_VS,EMS2K.STAT_CPPWM,EMS2K.STAT_GR_AT,EMS2K.STAT_GR_MT,EMS2K.STAT_VS_CVT,EMS2K.STAT_LOAD_CLC,EMS2K.STAT_LAM_MV_1,EMS2K.STAT_TI_LAM_1,EMS2K.STAT_TI_AD_ADD_MMV_0,EMS2K.STAT_TI_AD_FAC_MMV_0,EMS2K.STAT_TI_AD_ADD_MMV_REL_0,EMS2K.STAT_TI_AD_FAC_MMV_REL_0,EHPSR50.STAT_PWM_OUT,EHPSR50.STAT_EMF_COEF,EHPSR50.STAT_MOTOR_SPEED,EHPSR50.STAT_TEMPERATURE,EHPSR50.STAT_BATTERY_VOLTS,EHPSR50.STAT_MOTOR_CURRENT,EHPSR50.STAT_MOTOR_VOLTAGE,EHPSR50.STAT_MOTOR_RESISTANCE,EHPSR50.STAT_MOTOR_CURRENT_MAX,EHPSR50.STAT_PWM_MOTOR_CONTROL,EHPSR50.STAT_BATTERY_CURRENT_MAX,EHPSR50.STAT_MOTOR_SPEED_CONTROL,EHPSR50.STAT_ENGINE_RUNNING_ANALOG,KOMBI50F.STAT_AD4,KOMBI50F.STAT_AD6,KOMBI50F.STAT_AD7,KOMBI50F.STAT_TACHO_CAN,KOMBI50F.STAT_AMBIENT_TEMP,KOMBI50F.STAT_FUEL_SENDER_1,KOMBI50F.STAT_FUEL_SENDER_2,KOMBI50F.STAT_ROAD_SPEED_CAN,KOMBI50F.STAT_ENGINE_TEMP_CAN,KOMBI50F.STAT_AD2_AMBIENT_TEMP,KOMBI50F.STAT_AD0_FUEL_SENDER_2,KOMBI50F.STAT_AD1_FUEL_SENDER_1,KOMBI50F.STAT_AD5_BATTERY_VOLTS,KOMBI50F.STAT_BOOST_PRESSURE_CAN,KOMBI50F.STAT_FUEL_CONSUMPTION_CAN,KOMBI50F.STAT_AD3_AMBIENT_LIGHT_LEVEL,KOMBI50F.STAT_AMBIENT_TEMP_RESISTANCE
0.0,453.19295587499994,23.25,21.75,6.5607843,0.0,6.11764725,458.210122336,14.00470632,14.00470632,0.0,0.0,0.6891496260000001,6.560977,6.457066,0.405669638,0.0,56.179133934,0.0,1203.0,14.00470632,0.0,0.0,0.0,0.0,0.0,39.60784286,0.0,0.0,0.17200000000000001,2.386510728,0.168,0.0,83.52941118,321.875,3580.0,26.0,14.0,13.5,11.5,36.660000000000004,120.0,83.52941118,77.5,0.0,13.68,277.0,0.0,0.0,1217.96875,25.632000000000005,135.93422054392335,135.93422054392335,0.625,23.25,272.0,484.0,484.0,13.950378,-100.0,19059.0,11.0,5761.849051717495
1.42,455.46349836099995,23.25,21.75,6.5607843,0.0,6.11764725,460.29755655699995,14.00470632,14.00470632,0.0,0.0,0.713587556,6.560977,6.457066,0.410557224,0.0,41.609821638,0.0,1199.0,14.00470632,0.0,0.0,0.0,0.0,0.0,41.1764703,0.0,0.0,0.17200000000000001,2.386510728,0.168,0.0,83.52941118,321.875,3580.0,26.0,14.0,13.5,11.5,36.660000000000004,120.0,83.52941118,77.5,0.0,13.68,278.0,0.0,0.0,1212.96875,25.512999999999998,139.79936620158,127.93366747581017,0.625,23.25,273.0,465.0,494.0,13.970076,-100.0,19743.0,11.0,5779.854484126139
2.45,456.01282315599997,23.25,21.75,6.5607843,0.0,6.11764725,460.70039474,14.00470632,14.00470632,0.0,0.0,0.7380254860000001,6.560977,6.457066,0.405669638,0.0,10.081634514,0.0,1214.0,14.00470632,0.0,0.0,0.0,0.0,0.0,39.60784286,0.0,0.0,0.17200000000000001,2.386510728,0.168,0.0,83.52941118,321.875,3580.0,26.0,14.0,14.0,11.600000000000001,36.660000000000004,120.0,83.52941118,77.5,0.0,13.68,278.0,0.0,0.0,1215.9375,25.751000000000005,139.6924260845057,128.2136903293155,0.625,24.0,271.0,465.0,493.0,13.950378,-100.0,20481.0,11.0,5731.286893897613
3.52,444.440380808,24.0,21.75,6.09215685,0.0,6.11764725,450.189980329,14.00470632,14.00470632,0.0,0.0,0.7673510020000001,6.354978,6.25289,0.405669638,0.0,72.262141014,0.0,1210.0,14.00470632,0.0,0.0,0.0,0.0,0.0,39.60784286,0.0,0.0,0.17200000000000001,2.386510728,0.168,0.0,83.52941118,321.875,3560.0,26.0,14.0,14.0,11.600000000000001,36.660000000000004,120.0,83.52941118,77.5,0.0,13.68,278.0,0.0,0.0,1205.0,25.512999999999998,140.32369459550355,128.77742971155013,0.625,24.0,273.0,465.0,493.0,13.910982,-100.0,21266.0,11.0,5817.992261194318
4.67,446.930653212,24.0,21.75,6.09215685,0.0,6.11764725,452.82673934499996,14.00470632,14.00470632,0.0,0.0,0.78201376,6.354978,6.25289,0.410557224,0.0,44.458680672,0.0,1199.0,14.00470632,0.0,0.0,0.0,0.0,0.0,39.60784286,0.0,0.0,0.17200000000000001,2.386510728,0.168,0.0,83.52941118,321.875,3580.0,26.0,14.0,13.5,11.600000000000001,36.660000000000004,120.0,83.52941118,77.5,0.0,13.68,278.0,0.0,0.0,1197.96875,25.512999999999998,140.5366721426057,128.61299927137298,0.625,24.0,273.0,466.0,495.0,13.950378,-100.0,21918.0,10.0,5792.511399576475
5.73,446.34470676399997,24.0,21.75,6.09215685,0.0,6.11764725,452.20417124399995,14.00470632,14.00470632,0.0,0.0,0.791788932,6.354978,6.25289,0.410557224,0.0,48.857856138,0.0,1195.0,14.00470632,0.0,0.0,0.0,0.0,0.0,39.60784286,0.0,0.0,0.17200000000000001,2.386510728,0.168,0.0,83.52941118,321.875,3580.0,26.0,14.0,13.5,11.5,36.660000000000004,120.0,83.52941118,77.5,0.0,13.76,278.0,0.0,0.0,1215.0,25.512999999999998,141.8093245565971,128.61299927137298,0.625,24.0,273.0,466.0,498.0,13.950378,-100.0,22640.0,10.0,5792.511399576475
6.8,447.626464619,24.0,21.75,6.09215685,0.0,6.11764725,453.19295587499994,14.00470632,14.00470632,0.0,0.0,0.80645169,6.354978,6.25289,0.410557224,0.0,55.866324024,0.0,1184.0,14.00470632,0.0,0.0,0.0,0.0,0.0,39.60784286,0.0,0.0,0.17200000000000001,2.386510728,0.168,0.0,83.52941118,321.875,3580.0,26.0,14.0,13.5,11.600000000000001,36.660000000000004,120.0,83.52941118,77.5,0.0,13.76,278.0,0.0,0.0,1188.90625,25.512999999999998,143.29626454854022,128.05189685303841,0.625,24.75,273.0,466.0,503.0,13.989774,-100.0,23295.0,11.0,5767.252760015668
7.86,447.626464619,24.75,21.75,6.09215685,0.0,6.11764725,453.302820834,14.00470632,14.00470632,0.0,0.0,0.821114448,6.25289,6.150802,0.405669638,0.0,71.223001752,0.0,1191.0,14.00470632,0.0,0.0,0.0,0.0,0.0,39.60784286,0.0,0.0,0.17200000000000001,2.386510728,0.168,0.0,83.52941118,321.875,3580.0,26.0,14.0,13.5,11.600000000000001,36.660000000000004,120.0,83.52941118,77.5,0.0,13.76,278.0,0.0,0.0,1185.0,25.632000000000005,143.0895769992556,120.77000649844926,0.625,24.75,272.0,446.0,501.0,13.950378,-100.0,24010.0,11.0,5761.849051717495
8.91,444.440380808,24.75,21.75,5.6235294,0.0,6.11764725,450.55619685899995,14.00470632,14.00470632,0.0,0.0,0.83088962,6.046891,5.944803,0.410557224,0.0,76.97412639,0.0,1189.0,14.00470632,0.0,0.0,0.0,0.0,0.0,38.43137228,0.0,0.0,0.17200000000000001,2.386510728,0.168,0.0,83.52941118,321.875,3580.0,26.0,14.0,13.5,11.600000000000001,36.660000000000004,120.0,83.52941118,77.5,0.0,13.76,278.0,0.0,0.0,1192.96875,25.512999999999998,144.2750932195545,121.41635792151992,0.625,24.75,273.0,447.0,503.0,13.93068,-100.0,24639.0,11.0,5805.223869741838
9.95,433.197533337,24.75,21.75,5.6235294,0.0,6.11764725,440.66835054899997,14.00470632,14.00470632,0.0,0.0,0.835777206,6.046891,6.046891,0.410557224,0.0,56.217281484,0.0,1180.0,14.00470632,0.0,0.0,0.0,0.0,0.0,38.43137228,0.0,-2.049286386,0.17200000000000001,2.386510728,0.168,0.0,83.52941118,321.875,3580.0,26.0,14.0,14.0,11.5,36.660000000000004,120.0,83.52941118,77.5,0.0,13.76,278.0,0.0,0.0,1170.9375,25.512999999999998,147.21415857372213,120.90491749308224,0.625,24.75,273.0,445.0,509.0,13.910982,-100.0,25376.0,11.0,5817.992261194318
11.12,441.47402691499997,24.75,21.75,6.09215685,0.0,6.11764725,448.395519332,14.00470632,14.00470632,0.0,0.0,0.826002034,6.150802,6.046891,0.410557224,0.0,67.632554346,0.0,1179.0,14.00470632,0.0,0.0,0.0,0.0,0.0,38.43137228,0.0,-5.223162546,0.17200000000000001,2.386510728,0.168,0.0,83.52941118,321.875,3580.0,26.0,14.0,14.0,11.600000000000001,36.660000000000004,120.0,83.52941118,77.5,0.0,13.68,278.0,0.0,0.0,1167.96875,25.512999999999998,147.75121219841662,121.41635792151992,0.625,25.5,273.0,447.0,511.0,13.93068,-100.0,25979.0,11.0,5805.223869741838
12.2,442.902271382,25.5,21.75,5.6235294,0.0,6.11764725,449.420925616,14.00470632,14.00470632,0.0,0.0,0.762463416,6.046891,5.944803,0.410557224,0.0,85.394053626,0.0,1152.0,14.00470632,0.0,0.0,0.0,0.0,0.0,38.43137228,0.0,-8.519110866,0.17200000000000001,2.386510728,0.168,0.0,83.52941118,321.875,3600.0,26.0,14.100000000000001,13.5,11.600000000000001,36.660000000000004,120.0,83.52941118,77.5,0.0,13.76,278.0,0.0,0.0,1136.875,25.512999999999998,146.7407748407944,120.63599786210756,0.625,25.5,273.0,447.0,511.0,13.989774,-100.0,26569.0,11.0,5767.252760015668
13.3,453.412685793,25.5,21.75,6.09215685,0.0,6.11764725,458.83269043699994,14.00470632,14.00470632,0.0,0.0,0.200391026,6.150802,6.046891,0.405669638,0.0,56.758976694,0.0,1142.0,14.00470632,0.0,0.0,0.0,0.0,0.0,39.99999972,-3.469901148,-4.313724954,0.17200000000000001,2.386510728,0.168,0.0,83.52941118,321.875,3600.0,26.0,14.0,13.5,11.600000000000001,36.660000000000004,120.0,83.52941118,77.5,0.0,13.76,278.0,0.0,0.0,1153.90625,25.394,146.40702658276783,120.76073565753171,0.625,25.5,274.0,448.0,511.0,14.009472,-100.0,27181.0,12.0,5785.206128496779
14.34,451.874576367,25.5,21.75,6.09215685,0.0,6.11764725,456.67201291,14.00470632,14.00470632,0.0,0.0,0.166177924,6.150802,6.046891,0.400782052,0.0,31.021587659999998,0.0,1154.0,14.1176475,0.0,0.0,0.0,0.0,0.0,39.99999972,-5.55428328,-5.2384215659999995,0.17200000000000001,2.386510728,0.168,0.0,83.52941118,321.875,3600.0,26.0,14.0,13.5,11.600000000000001,36.660000000000004,120.0,83.52941118,77.5,0.0,13.76,278.0,0.0,0.0,1135.9375,25.512999999999998,150.24088223282732,110.54224090138064,0.625,26.25,273.0,420.0,519.0,13.989774,-100.0,27859.0,11.0,5767.252760015668
15.42,454.914173566,26.25,21.75,5.6235294,0.0,6.11764725,459.56512349699995,14.00470632,14.00470632,0.0,0.0,0.31769309,6.046891,5.944803,0.405669638,0.0,68.74951461,0.0,1139.0,14.00470632,0.0,0.0,0.0,0.0,0.0,39.99999972,-4.29541413,-2.558937654,0.17200000000000001,2.386510728,0.168,0.0,83.52941118,321.875,3580.0,26.0,14.0,13.5,11.600000000000001,36.660000000000004,120.0,83.52941118,77.5,0.0,13.76,278.0,0.0,0.0,1150.0,25.512999999999998,150.24088223282732,112.74185507437852,0.625,26.25,273.0,426.0,519.0,13.989774,-100.0,28481.0,10.0,5767.252760015668
16.52,451.874576367,26.25,21.75,5.6235294,0.0,6.11764725,457.18471605199994,14.00470632,14.00470632,0.0,0.0,0.7282503140000001,6.046891,5.944803,0.400782052,0.0,78.173485362,0.0,1135.0,14.00470632,0.0,0.0,0.0,0.0,0.0,39.99999972,-3.76134843,-3.825436314,0.17200000000000001,2.386510728,0.168,0.0,83.52941118,321.875,3600.0,26.0,14.0,13.5,11.600000000000001,36.660000000000004,120.0,83.52941118,77.5,0.0,13.76,278.0,0.0,0.0,1143.90625,25.512999999999998,150.4912397722516,112.84728569141684,0.625,26.25,273.0,425.0,518.0,13.950378,-100.0,29157.0,11.0,5792.511399576475
17.59,455.133903484,26.25,21.75,5.6235294,0.0,6.11764725,460.18769159799996,14.00470632,14.00470632,0.0,0.0,0.17106551,6.046891,5.944803,0.400782052,0.0,17.491414626,0.0,1148.0,14.00470632,0.0,0.0,0.0,0.0,0.0,39.99999972,-3.32646636,-3.041122686,0.17200000000000001,2.386510728,0.168,0.0,83.52941118,321.875,3580.0,26.0,14.0,14.0,11.600000000000001,36.660000000000004,120.0,83.52941118,77.5,0.0,13.76,278.0,0.0,0.0,1140.0,25.512999999999998,150.14496614531427,113.34918005398056,0.625,27.0,273.0,427.0,518.0,13.970076,-100.0,29718.0,11.0,5779.854484126139
18.62,447.40673470099995,27.0,21.75,5.6235294,0.0,6.11764725,453.04646926299995,14.00470632,14.00470632,0.0,0.0,0.840664792,5.944803,5.842715,0.41544481,0.0,92.831299974,0.0,1146.0,14.00470632,0.0,0.0,0.0,0.0,0.0,38.43137228,-3.32646636,-6.184480806,0.17200000000000001,2.386510728,0.168,0.0,83.52941118,321.875,3600.0,26.0,14.100000000000001,14.0,11.700000000000001,36.660000000000004,120.0,83.52941118,77.5,0.0,13.76,278.0,0.0,0.0,1130.9375,25.394,153.88977316698734,112.50549371096288,0.625,27.0,274.0,426.0,528.0,14.009472,-100.0,30370.0,11.0,5785.206128496779
19.7,447.040518171,27.0,21.75,5.6235294,0.0,6.11764725,452.680252733,14.00470632,14.00470632,0.0,0.0,0.400782052,5.944803,5.842715,0.405669638,0.0,18.049894758,0.0,1136.0,14.00470632,0.0,0.0,0.0,0.0,0.0,38.43137228,-4.20386001,-3.932249454,0.17200000000000001,2.386510728,0.168,0.0,83.52941118,318.75,3560.0,26.0,14.0,13.5,11.600000000000001,36.660000000000004,120.0,83.52941118,77.5,0.0,13.76,278.0,0.0,0.0,1130.9375,25.512999999999998,153.70587532004964,103.94723728965334,0.625,27.0,273.0,401.0,526.0,13.970076,-100.0,30968.0,11.0,5779.854484126139
20.75,446.45457172299996,27.0,21.75,5.6235294,0.0,6.11764725,452.16754959099995,14.00470632,14.00470632,0.0,0.0,0.131964822,5.944803,5.842715,0.395894466,0.0,41.312270748,0.0,1140.0,14.00470632,0.0,0.0,0.0,0.0,0.0,39.99999972,-4.59296502,-4.399175466,0.17200000000000001,2.386510728,0.168,0.0,83.52941118,318.75,3560.0,26.0,14.100000000000001,13.5,11.700000000000001,36.660000000000004,120.0,83.52941118,77.5,0.0,13.76,277.0,0.0,0.0,1130.9375,25.512999999999998,154.2466503299326,104.79325015887652,0.625,27.75,273.0,404.0,528.0,13.989774,-100.0,31572.0,11.0,5767.252760015668
21.8,445.13619221499994,27.75,21.75,5.6235294,0.0,6.11764725,451.47173818399995,14.00470632,14.00470632,0.0,0.0,0.19550344,5.842715,5.740627,0.400782052,0.0,8.342106234,0.0,1123.0,14.00470632,0.0,0.0,0.0,0.0,0.0,38.43137228,-3.6316467599999998,-5.177385486,0.17200000000000001,2.386510728,0.168,0.0,83.52941118,318.75,3560.0,26.0,14.0,13.5,11.600000000000001,36.660000000000004,120.0,83.52941118,77.5,0.0,13.76,278.0,0.0,0.0,1121.875,25.512999999999998,153.25759199229742,105.00947601021912,0.625,27.75,273.0,404.0,525.0,13.970076,-100.0,32110.0,11.0,5779.854484126139
22.84,448.10254610799996,27.75,21.75,5.6235294,0.0,6.11764725,453.81552397599995,14.00470632,14.00470632,0.0,0.0,0.337243434,5.842715,5.740627,0.395894466,0.0,31.91424033,0.0,1108.0,14.00470632,0.0,0.0,0.0,0.0,0.0,38.43137228,-4.26489609,-2.650491774,0.17200000000000001,2.386510728,0.168,0.0,83.52941118,318.75,3540.0,26.0,14.100000000000001,14.0,11.600000000000001,36.660000000000004,120.0,83.52941118,77.5,0.0,13.76,278.0,0.0,0.0,1110.9375,25.512999999999998,157.41336093354613,104.79325015887652,0.625,28.5,273.0,404.0,535.0,13.989774,-100.0,32720.0,11.0,5767.252760015668
23.92,453.08309091599995,28.5,21.75,5.6235294,0.0,6.11764725,458.173500683,14.00470632,14.00470632,0.0,0.0,0.7575758300000001,5.842715,5.740627,0.395894466,0.0,37.289993076,0.0,1106.0,14.00470632,0.0,0.0,0.0,0.0,0.0,39.99999972,-3.25780077,-2.787822954,0.17200000000000001,2.386510728,0.168,0.0,83.52941118,318.75,3540.0,26.0,14.100000000000001,14.0,11.600000000000001,36.660000000000004,120.0,83.52941118,77.5,0.0,13.76,278.0,0.0,0.0,1112.96875,25.394,157.86946280976915,105.14768576832392,0.625,28.5,274.0,405.0,536.0,13.989774,-100.0,33328.0,11.0,5797.840139059475
24.97,453.74228066999996,28.5,21.75,5.6235294,0.0,6.11764725,458.79606878399994,14.00470632,14.00470632,0.0,0.0,0.180840682,5.842715,5.740627,0.39100688,0.0,83.358500358,0.0,1115.0,14.00470632,0.0,0.0,0.0,0.0,0.0,39.99999972,-2.9755089,-4.170290166,0.17200000000000001,2.386510728,0.168,0.0,83.52941118,321.875,3580.0,27.0,14.0,14.0,11.600000000000001,36.660000000000004,120.0,83.52941118,77.5,0.0,13.76,278.0,0.0,0.0,1118.90625,25.512999999999998,157.23696750383968,104.87094590930124,0.625,28.5,273.0,403.0,533.0,13.950378,-100.0,33939.0,11.0,5792.511399576475
26.03,445.13619221499994,28.5,21.75,5.6235294,0.0,6.11764725,451.14214330699997,14.00470632,14.00470632,0.0,0.0,0.7282503140000001,5.740627,5.636716,0.39100688,0.0,6.95048361,0.0,1116.0,14.00470632,0.0,0.0,0.0,0.0,0.0,38.43137228,-3.7766074499999998,-4.084839654,0.17200000000000001,2.386510728,0.168,0.0,83.52941118,321.875,3580.0,27.0,14.0,14.0,11.600000000000001,36.660000000000004,120.0,83.52941118,77.5,0.0,13.76,278.0,0.0,0.0,1125.9375,25.394,156.1400092880987,96.2809020632663,0.625,28.5,274.0,380.0,533.0,14.009472,-100.0,34525.0,11.0,5785.206128496779
27.08,437.225915167,29.25,21.75,5.6235294,0.0,6.11764725,444.22065088999994,14.00470632,14.00470632,0.0,0.0,0.83088962,5.740627,5.636716,0.39100688,0.0,67.470808734,0.0,1115.0,14.00470632,0.0,0.0,0.0,0.0,0.0,38.43137228,-4.91340444,-7.450979466,0.17200000000000001,2.386510728,0.168,0.0,83.52941118,321.875,3580.0,27.0,14.0,14.0,11.600000000000001,36.660000000000004,120.0,83.52941118,77.5,0.0,13.76,278.0,0.0,0.0,1103.90625,25.394,160.24886058085835,96.95886502525495,0.625,29.25,274.0,382.0,542.0,14.009472,-100.0,35094.0,11.0,5785.206128496779
28.16,439.45983599999994,29.25,21.75,5.6235294,0.0,6.11764725,445.83200362199995,14.00470632,14.00470632,0.0,0.0,0.17106551,5.636716,5.534628,0.386119294,0.0,17.026014516,0.0,1104.0,14.00470632,0.0,0.0,0.0,0.0,0.0,38.43137228,-5.69924397,-3.916990434,0.17200000000000001,2.386510728,0.168,0.0,83.52941118,321.875,3580.0,27.0,14.0,14.0,11.600000000000001,36.660000000000004,120.0,83.52941118,77.5,0.0,13.76,278.0,0.0,0.0,1111.875,25.394,160.625857935915,97.49536315373655,0.625,29.25,274.0,383.0,542.0,13.989774,-100.0,35620.0,10.0,5797.840139059475
29.27,443.48821782999994,29.25,21.75,5.6235294,0.0,6.11764725,449.34768231,14.00470632,14.00470632,0.0,0.0,0.11730206400000001,5.740627,5.534628,0.381231708,0.0,31.297775922,0.0,1116.0,14.00470632,0.0,0.0,0.0,0.0,0.0,38.43137228,-4.79133228,-4.1397721259999996,0.17200000000000001,2.386510728,0.168,0.0,83.52941118,321.875,3580.0,27.0,14.0,14.0,11.600000000000001,36.660000000000004,120.0,83.52941118,77.5,0.0,13.76,278.0,0.0,0.0,1118.90625,25.512999999999998,164.2744236233216,97.35116881653268,0.625,30.0,273.0,382.0,549.0,13.970076,-100.0,36273.0,10.0,5779.854484126139
30.3,439.82605252999997,30.0,21.75,5.6235294,0.0,6.11764725,446.820788253,14.00470632,14.00470632,0.0,0.0,0.713587556,5.636716,5.534628,0.39100688,0.0,21.191726975999998,0.0,1089.0,14.00470632,0.0,0.0,0.0,0.0,0.0,38.82352914,-3.82238451,-3.474478854,0.17200000000000001,2.386510728,0.168,0.0,83.52941118,321.875,3580.0,27.0,14.0,14.0,11.600000000000001,36.660000000000004,120.0,83.52941118,77.5,0.0,13.76,277.0,0.0,0.0,1100.9375,25.512999999999998,164.8251022801677,97.15462089846099,0.625,30.0,273.0,382.0,551.0,13.989774,-100.0,36800.0,10.0,5767.252760015668
31.36,444.80659733799996,30.0,22.5,5.6235294,0.0,6.11764725,450.995656695,14.00470632,14.00470632,0.0,0.0,0.107526892,5.636716,5.534628,0.376344122,0.0,54.525056166,0.0,1111.0,14.00470632,0.0,0.0,0.0,0.0,0.0,38.43137228,-3.82238451,-0.209048574,0.17200000000000001,2.386510728,0.168,0.0,83.52941118,321.875,3580.0,27.0,14.0,14.0,11.600000000000001,36.660000000000004,120.0,83.52941118,77.5,0.0,13.76,278.0,0.0,0.0,1125.9375,25.394,164.51441152896555,96.76389641889195,0.625,30.0,274.0,382.0,552.0,14.02917,-100.0,37394.0,10.0,5772.627059482323
32.41,429.279016466,30.0,22.5,5.15490195,0.0,6.11764725,436.93294194299995,14.00470632,14.00470632,0.0,0.0,0.865102722,5.4325399999999995,5.330452,0.405669638,0.0,81.423656622,0.0,1119.0,14.1176475,0.0,0.0,0.0,0.0,0.0,36.86274484,-3.21965322,-5.253680586,0.17200000000000001,2.386510728,0.168,0.0,83.52941118,321.875,3580.0,27.0,14.100000000000001,13.5,11.600000000000001,36.660000000000004,120.0,83.52941118,77.5,0.0,13.76,278.0,0.0,0.0,1107.96875,25.394,165.61164042402578,97.54851359623562,0.625,30.75,274.0,382.0,551.0,13.950378,-100.0,37952.0,10.0,5823.274430953676
33.48,416.864276099,30.75,21.75,5.15490195,0.0,6.11764725,424.88441810599994,14.00470632,14.00470632,0.0,0.0,0.80645169,5.330452,5.226541,0.444770326,0.0,23.978024028,0.0,1096.0,14.00470632,0.0,0.0,0.0,0.0,0.0,35.68627426,-3.21965322,-8.519110866,0.17200000000000001,2.386510728,0.168,0.0,83.52941118,321.875,3560.0,27.0,14.0,13.5,11.5,36.660000000000004,120.0,83.52941118,77.5,0.0,13.76,278.0,0.0,0.0,1087.96875,25.512999999999998,165.21743525424228,89.0039104421749,0.625,30.75,273.0,357.0,551.0,13.970076,-100.0,38477.0,10.0,5779.854484126139
34.53,422.540632314,30.75,22.5,5.15490195,0.0,6.11764725,430.707260933,14.00470632,14.00470632,0.0,0.0,0.200391026,5.4325399999999995,5.330452,0.410557224,0.0,6.98100165,0.0,1091.0,14.00470632,0.0,0.0,0.0,0.0,0.0,36.07843112,-4.78370277,-5.320820274,0.17200000000000001,2.386510728,0.168,0.0,83.52941118,321.875,3580.0,27.0,14.100000000000001,13.5,11.600000000000001,36.660000000000004,120.0,83.52941118,77.5,0.0,13.76,278.0,0.0,0.0,1092.96875,25.512999999999998,164.74543726139075,89.65832387207848,0.625,30.75,273.0,359.0,550.0,13.970076,-100.0,38966.0,10.0,5779.854484126139
35.59,423.74914686299996,30.75,22.5,5.15490195,0.0,6.11764725,431.36645068699994,14.00470632,14.00470632,0.0,0.0,0.107526892,5.330452,5.330452,0.376344122,0.0,49.724568474,0.0,1109.0,14.00470632,0.0,0.0,0.0,0.0,0.0,35.68627426,-6.04257192,-5.2384215659999995,0.17200000000000001,2.386510728,0.168,0.0,83.52941118,321.875,3580.0,27.0,14.100000000000001,13.5,11.600000000000001,36.660000000000004,120.0,83.52941118,77.5,0.0,13.76,278.0,0.0,0.0,1095.0,25.512999999999998,169.99224072992826,89.65832387207848,0.625,31.5,273.0,359.0,561.0,13.970076,-100.0,39518.0,10.0,5779.854484126139
36.64,417.12062767,31.5,22.5,5.15490195,0.0,6.11764725,425.104148024,14.00470632,14.00470632,0.0,0.0,0.141739994,5.330452,5.226541,0.376344122,0.0,67.977408198,0.0,1093.0,14.00470632,0.0,0.0,0.0,0.0,0.0,35.68627426,-3.814755,-4.521247626,0.17200000000000001,2.386510728,0.168,0.0,83.52941118,321.875,3580.0,27.0,14.100000000000001,13.5,11.600000000000001,36.660000000000004,120.0,83.52941118,77.5,0.0,13.76,278.0,0.0,0.0,1100.0,25.512999999999998,168.62446920282042,89.4809237945127,0.625,31.5,273.0,359.0,559.0,13.989774,-100.0,40012.0,10.0,5767.252760015668
37.7,419.574278421,31.5,22.5,5.15490195,0.0,6.11764725,427.70428538699997,14.00470632,14.00470632,0.0,0.0,0.48875860000000004,5.330452,5.226541,0.376344122,0.0,57.190806959999996,0.0,1087.0,14.00470632,0.0,0.0,0.0,0.0,0.0,35.68627426,-4.03601079,-2.986190214,0.17200000000000001,2.386510728,0.168,0.0,83.52941118,321.875,3600.0,27.0,14.100000000000001,14.0,11.700000000000001,36.660000000000004,120.0,83.52941118,77.5,0.0,13.76,278.0,0.0,0.0,1090.9375,25.394,169.58431687526445,89.80818168066483,0.625,31.5,274.0,360.0,561.0,13.989774,-100.0,40562.0,10.0,5797.840139059475
38.77,414.630355266,31.5,22.5,5.15490195,0.0,6.11764725,422.87022719099997,14.00470632,14.00470632,0.0,0.0,0.791788932,5.226541,5.124453,0.371456536,0.0,43.601123748,0.0,1080.0,14.00470632,0.0,0.0,0.0,0.0,0.0,36.07843112,-3.9215681399999998,-6.871136706,0.17200000000000001,2.386510728,0.168,0.0,83.52941118,321.875,3600.0,27.0,14.0,13.5,11.600000000000001,36.660000000000004,120.0,83.52941118,77.5,0.0,13.76,,,,,,,,,,,,,,,,,
39.86,416.75441113999995,32.25,22.5,5.15490195,0.0,6.11764725,424.55482322899996,14.00470632,14.00470632,0.0,0.0,0.127077236,5.226541,5.226541,0.371456536,0.0,39.961847478,0.0,1077.0,14.00470632,0.0,0.0,0.0,0.0,0.0,36.07843112,-4.40985678,-4.811169006,0.17200000000000001,2.386510728,0.168,0.0,83.52941118,321.875,3580.0,27.0,14.100000000000001,14.0,11.600000000000001,36.660000000000004,120.0,83.52941118,77.5,0.0,13.76,278.0,0.0,0.0,1083.90625,25.512999999999998,169.99224072992826,89.98638565703246,0.625,32.25,273.0,360.0,561.0,13.970076,-100.0,41639.0,10.0,5779.854484126139
41.0,416.864276099,32.25,22.5,5.15490195,0.0,6.11764725,424.81117479999995,14.00470632,14.00470632,0.0,0.0,0.224828956,5.226541,5.124453,0.371456536,0.0,31.953913782,0.0,1068.0,14.00470632,0.0,0.0,0.0,0.0,0.0,34.50980368,-4.00549275,-2.070649014,0.17200000000000001,2.386510728,0.168,0.0,83.52941118,321.875,3600.0,27.0,14.100000000000001,13.5,11.700000000000001,36.660000000000004,120.0,83.52941118,77.5,0.0,13.76,278.0,0.0,0.0,1081.875,25.394,169.17834609231988,81.63557784638483,0.625,32.25,274.0,335.0,561.0,14.009472,-100.0,42177.0,10.0,5785.206128496779
42.05,409.06386401,33.0,22.5,4.6862745,0.0,6.11764725,416.974141058,14.00470632,14.00470632,0.0,0.0,0.845552378,5.022365,4.920277,0.371456536,0.0,39.313339128,0.0,1065.0,14.00470632,0.0,0.0,0.0,0.0,0.0,34.50980368,-3.9673452,-7.603569666,0.17200000000000001,2.386510728,0.168,0.0,83.52941118,321.875,3580.0,27.0,14.0,13.5,11.600000000000001,36.660000000000004,120.0,83.52941118,77.5,0.0,13.76,278.0,0.0,0.0,1046.875,25.512999999999998,172.55871242912391,81.94885848381506,0.625,33.0,273.0,336.0,568.0,14.009472,-100.0,42739.0,10.0,5754.705867032042
43.27,409.53994549899994,33.0,22.5,4.6862745,0.0,6.11764725,417.23049262899997,14.00470632,14.00470632,0.0,0.0,0.151515166,5.022365,4.920277,0.425219982,0.0,33.307388856,0.0,1065.0,14.00470632,0.0,0.0,0.0,0.0,0.0,34.50980368,-5.1804372899999995,-4.130616714,0.17200000000000001,2.386510728,0.168,0.0,83.52941118,321.875,3600.0,27.0,14.0,13.5,11.600000000000001,36.660000000000004,120.0,83.52941118,77.5,0.0,13.76,278.0,0.0,0.0,1053.90625,25.394,172.55871242912391,81.94885848381506,0.625,33.0,274.0,336.0,568.0,14.009472,-100.0,43202.0,10.0,5785.206128496779
44.33,397.08858347899996,33.0,22.5,4.6862745,0.0,6.11764725,405.47494201599994,14.00470632,14.00470632,0.0,0.0,0.263929644,4.818189,4.714278,0.36656895,0.0,47.919426408,0.0,1071.0,14.00470632,0.0,0.0,0.0,0.0,0.0,32.94117624,-5.46272916,-6.596474346,0.17200000000000001,2.386510728,0.168,0.0,83.52941118,318.75,3540.0,27.0,14.0,13.5,11.600000000000001,36.660000000000004,120.0,83.52941118,77.5,0.0,13.76,278.0,0.0,0.0,1070.0,25.512999999999998,172.48828148590553,81.79380545252559,0.625,33.75,273.0,335.0,567.0,13.989774,-100.0,43649.0,10.0,5767.252760015668
45.36,386.944385598,33.75,22.5,4.6862745,0.0,6.11764725,393.609526444,14.00470632,14.00470632,0.0,0.0,0.826002034,4.714278,4.61219,0.405669638,0.0,77.647049172,0.0,1048.0,14.00470632,0.0,0.0,0.0,0.0,0.0,31.76470566,-6.66056223,-7.273974834,0.17200000000000001,2.386510728,0.168,0.0,83.52941118,318.75,3540.0,27.0,14.0,13.5,11.600000000000001,36.660000000000004,120.0,83.52941118,77.5,0.0,13.76,278.0,0.0,0.0,1038.90625,25.394,173.46449670439748,81.79380545252559,0.625,33.75,274.0,335.0,569.0,13.989774,-100.0,44076.0,10.0,5797.840139059475
46.39,390.240334368,33.75,22.5,4.6862745,0.0,6.11764725,397.38155670299994,14.00470632,14.00470632,0.0,0.0,0.141739994,4.714278,4.61219,0.36656895,0.0,24.840158658,0.0,1033.0,14.00470632,0.0,0.0,0.0,0.0,0.0,32.94117624,-6.66056223,-4.161134754,0.17200000000000001,2.386510728,0.168,0.0,83.52941118,318.75,3540.0,27.0,14.100000000000001,13.5,11.600000000000001,36.660000000000004,120.0,83.52941118,77.5,0.0,13.76,278.0,0.0,0.0,1040.0,25.512999999999998,172.90583617789827,81.95264760921985,0.625,33.75,273.0,335.0,567.0,13.970076,-100.0,44526.0,10.0,5779.854484126139
47.42,400.054937372,33.75,22.5,4.6862745,0.0,6.11764725,408.33143094999997,14.00470632,14.00470632,0.0,0.0,0.131964822,4.818189,4.714278,0.356793778,0.0,67.180887354,0.0,1057.0,14.00470632,0.0,0.0,0.0,0.0,0.0,32.94117624,-5.69161446,-4.963759206,0.17200000000000001,2.386510728,0.168,0.0,83.52941118,318.75,3560.0,27.0,14.0,13.5,11.600000000000001,36.660000000000004,120.0,83.52941118,77.5,0.0,13.76,278.0,0.0,0.0,1052.96875,25.512999999999998,172.97587108691033,81.79380545252559,0.625,34.5,273.0,335.0,568.0,13.989774,-100.0,45030.0,10.0,5767.252760015668
48.5,387.164115516,34.5,22.5,4.21764705,0.0,6.11764725,394.01236462699995,14.00470632,14.00470632,0.0,0.0,0.752688244,4.61219,4.510102,0.420332396,0.0,67.542526128,0.0,1041.0,14.00470632,0.0,0.0,0.0,0.0,0.0,31.76470566,-5.69161446,-8.259707526,0.17200000000000001,2.386510728,0.168,0.0,83.52941118,318.75,3560.0,27.0,14.0,13.5,11.600000000000001,36.660000000000004,120.0,83.52941118,77.5,0.0,13.68,277.0,0.0,0.0,1038.90625,25.512999999999998,173.39505158476905,81.95264760921985,0.625,34.5,273.0,335.0,568.0,13.970076,-100.0,45466.0,10.0,5779.854484126139
49.55,391.192497346,34.5,22.5,4.6862745,0.0,6.11764725,398.88304447599995,14.00470632,14.00470632,0.0,0.0,0.107526892,4.714278,4.61219,0.371456536,0.0,12.678719718,0.0,1031.0,14.00470632,0.0,0.0,0.0,0.0,0.0,31.76470566,-5.02784709,-2.925154134,0.17200000000000001,2.386510728,0.168,0.0,83.52941118,318.75,3540.0,27.0,14.0,13.5,11.5,36.660000000000004,120.0,83.52941118,77.5,0.0,13.76,278.0,0.0,0.0,1041.875,25.394,173.8853089842692,82.26741659341809,0.625,34.5,274.0,336.0,569.0,13.970076,-100.0,45920.0,10.0,5810.529451910177
50.61,391.192497346,34.5,22.5,4.21764705,0.0,6.11764725,398.44358464,14.00470632,14.00470632,0.0,0.0,0.821114448,4.61219,4.61219,0.351906192,0.0,36.986338578,0.0,1029.0,14.00470632,0.0,0.0,0.0,0.0,0.0,31.76470566,-5.05073562,-6.321811986,0.17200000000000001,2.386510728,0.168,0.0,83.52941118,318.75,3540.0,27.0,14.100000000000001,14.0,11.600000000000001,36.660000000000004,120.0,83.52941118,77.5,0.0,13.76,,,,,,,,,,,,,,,,,
51.61,406.09751011699996,35.25,22.5,4.6862745,0.0,6.11764725,414.11765212399996,14.00470632,14.00470632,0.0,0.0,0.7869013460000001,4.818189,4.61219,0.347018606,0.0,29.280533478,0.0,1034.0,14.00470632,0.0,0.0,0.0,0.0,0.0,32.94117624,-4.4251158,-5.726710206,0.17200000000000001,2.386510728,0.168,0.0,83.52941118,318.75,3560.0,27.0,14.0,13.5,11.600000000000001,36.660000000000004,120.0,83.52941118,77.5,0.0,13.76,278.0,0.0,0.0,1025.9375,25.394,173.95416164382607,82.42238695565457,0.625,35.25,274.0,337.0,570.0,13.989774,-100.0,47691.0,10.0,5797.840139059475
54.7,392.25452528299996,35.25,22.5,4.6862745,0.0,6.11764725,399.43236927099997,14.00470632,14.00470632,0.0,0.0,0.518084116,4.714278,4.510102,0.36656895,0.0,68.328365658,0.0,1034.0,14.00470632,0.0,0.0,0.0,0.0,0.0,31.76470566,-4.09704687,-3.596551014,0.17200000000000001,2.386510728,0.168,0.0,83.52941118,318.75,3560.0,27.0,14.0,13.5,11.600000000000001,36.660000000000004,120.0,83.52941118,77.5,0.0,13.76,278.0,0.0,0.0,1030.0,25.512999999999998,172.48828148590553,81.79380545252559,0.625,36.0,273.0,335.0,567.0,13.989774,-100.0,48138.0,10.0,5767.252760015668
55.75,390.02060444999995,36.0,22.5,4.21764705,0.0,6.11764725,396.942096867,14.00470632,14.00470632,0.0,0.0,0.7282503140000001,4.61219,4.510102,0.347018606,0.0,45.627521604,0.0,1022.0,14.00470632,0.0,0.0,0.0,0.0,0.0,31.76470566,-4.8065913,-6.504920226,0.17200000000000001,2.386510728,0.168,0.0,83.52941118,318.75,3560.0,27.0,14.0,14.0,11.600000000000001,36.660000000000004,120.0,83.52941118,77.5,0.0,13.76,278.0,0.0,0.0,1008.90625,25.512999999999998,173.81626865726523,82.11210790377382,0.625,36.0,273.0,335.0,568.0,13.950378,-100.0,48573.0,10.0,5792.511399576475
56.83,390.71641585699996,36.0,22.5,4.21764705,0.0,6.11764725,398.15061141599995,14.00470632,14.00470632,0.0,0.0,0.180840682,4.61219,4.510102,0.381231708,0.0,23.759820042,0.0,1009.0,14.00470632,0.0,0.0,0.0,0.0,0.0,32.94117624,-5.01258807,-3.611810034,0.17200000000000001,2.386510728,0.168,0.0,83.52941118,318.75,3540.0,27.0,14.0,13.5,11.600000000000001,36.660000000000004,120.0,83.52941118,77.5,0.0,13.76,278.0,0.0,0.0,1022.96875,25.512999999999998,174.30816794935203,82.42762620016065,0.625,36.0,273.0,336.0,569.0,13.950378,-100.0,49025.0,10.0,5792.511399576475
57.91,398.88304447599995,36.0,22.5,4.21764705,0.0,6.11764725,407.08629474799994,14.00470632,14.00470632,0.0,0.0,0.083088962,4.61219,4.510102,0.337243434,0.0,42.833595042,0.0,1019.0,14.00470632,0.0,0.0,0.0,0.0,0.0,32.94117624,-4.47089286,-4.353398406,0.17200000000000001,2.386510728,0.168,0.0,83.52941118,318.75,3560.0,27.0,14.0,13.5,11.600000000000001,36.660000000000004,120.0,83.52941118,77.5,0.0,13.76,278.0,0.0,0.0,1010.0,25.394,173.39505158476905,81.95264760921985,0.625,36.75,274.0,335.0,568.0,13.970076,-100.0,49480.0,10.0,5810.529451910177
58.95,391.192497346,36.75,22.5,4.21764705,0.0,6.11764725,398.80980116999996,14.00470632,14.00470632,0.0,0.0,0.811339276,4.510102,4.408014,0.48387101400000004,0.0,55.030129728,0.0,1004.0,14.00470632,0.0,0.0,0.0,0.0,0.0,31.76470566,-4.20386001,-4.756236534,0.17200000000000001,2.386510728,0.168,0.0,83.52941118,318.75,3540.0,27.0,14.0,13.5,11.5,36.660000000000004,120.0,83.52941118,77.5,0.0,13.76,278.0,0.0,0.0,993.90625,25.512999999999998,173.8853089842692,82.26741659341809,0.625,36.75,273.0,336.0,569.0,13.970076,-100.0,49922.0,10.0,5779.854484126139
